{"mode": "train", "epoch": 1, "iter": 10, "lr": 0.005, "memory": 2473, "data_time": 0.99525, "loss_rpn_cls": 0.19758, "loss_rpn_bbox": 0.11647, "loss_cls": 1.09699, "acc": 79.85352, "loss_bbox": 0.281, "loss": 1.69203, "time": 1.74737}
{"mode": "train", "epoch": 1, "iter": 20, "lr": 0.005, "memory": 2473, "data_time": 0.01213, "loss_rpn_cls": 0.11091, "loss_rpn_bbox": 0.10543, "loss_cls": 0.74285, "acc": 82.10938, "loss_bbox": 0.58277, "loss": 1.54195, "time": 0.40012}
{"mode": "train", "epoch": 1, "iter": 30, "lr": 0.005, "memory": 2473, "data_time": 0.01294, "loss_rpn_cls": 0.06764, "loss_rpn_bbox": 0.08787, "loss_cls": 0.66884, "acc": 81.82617, "loss_bbox": 0.61126, "loss": 1.4356, "time": 0.39595}
{"mode": "train", "epoch": 1, "iter": 40, "lr": 0.005, "memory": 2473, "data_time": 0.0126, "loss_rpn_cls": 0.04877, "loss_rpn_bbox": 0.07891, "loss_cls": 0.64901, "acc": 81.20117, "loss_bbox": 0.65878, "loss": 1.43547, "time": 0.39629}
{"mode": "train", "epoch": 1, "iter": 50, "lr": 0.005, "memory": 2473, "data_time": 0.01248, "loss_rpn_cls": 0.04298, "loss_rpn_bbox": 0.06484, "loss_cls": 0.63755, "acc": 81.07422, "loss_bbox": 0.5508, "loss": 1.29617, "time": 0.39723}
{"mode": "train", "epoch": 1, "iter": 60, "lr": 0.005, "memory": 2473, "data_time": 0.01277, "loss_rpn_cls": 0.04831, "loss_rpn_bbox": 0.07461, "loss_cls": 0.54114, "acc": 82.19727, "loss_bbox": 0.52253, "loss": 1.1866, "time": 0.4042}
{"mode": "train", "epoch": 1, "iter": 70, "lr": 0.005, "memory": 2473, "data_time": 0.01307, "loss_rpn_cls": 0.06089, "loss_rpn_bbox": 0.08943, "loss_cls": 0.50428, "acc": 82.60742, "loss_bbox": 0.48722, "loss": 1.14182, "time": 0.40428}
{"mode": "train", "epoch": 1, "iter": 80, "lr": 0.005, "memory": 2473, "data_time": 0.01238, "loss_rpn_cls": 0.0513, "loss_rpn_bbox": 0.08088, "loss_cls": 0.52276, "acc": 82.67578, "loss_bbox": 0.51895, "loss": 1.17388, "time": 0.40073}
{"mode": "train", "epoch": 1, "iter": 90, "lr": 0.005, "memory": 2473, "data_time": 0.01265, "loss_rpn_cls": 0.03394, "loss_rpn_bbox": 0.06386, "loss_cls": 0.44388, "acc": 83.39844, "loss_bbox": 0.43719, "loss": 0.97887, "time": 0.40274}
{"mode": "train", "epoch": 1, "iter": 100, "lr": 0.005, "memory": 2473, "data_time": 0.01317, "loss_rpn_cls": 0.04773, "loss_rpn_bbox": 0.06333, "loss_cls": 0.456, "acc": 85.03906, "loss_bbox": 0.47637, "loss": 1.04343, "time": 0.40409}
{"mode": "train", "epoch": 1, "iter": 110, "lr": 0.005, "memory": 2473, "data_time": 0.0132, "loss_rpn_cls": 0.04038, "loss_rpn_bbox": 0.07158, "loss_cls": 0.45056, "acc": 85.55664, "loss_bbox": 0.45109, "loss": 1.01362, "time": 0.40253}
{"mode": "train", "epoch": 1, "iter": 120, "lr": 0.005, "memory": 2473, "data_time": 0.01218, "loss_rpn_cls": 0.0421, "loss_rpn_bbox": 0.06923, "loss_cls": 0.42099, "acc": 85.76172, "loss_bbox": 0.44261, "loss": 0.97493, "time": 0.40472}
{"mode": "train", "epoch": 1, "iter": 130, "lr": 0.005, "memory": 2473, "data_time": 0.01295, "loss_rpn_cls": 0.03726, "loss_rpn_bbox": 0.07421, "loss_cls": 0.43615, "acc": 85.91797, "loss_bbox": 0.43265, "loss": 0.98027, "time": 0.40699}
{"mode": "train", "epoch": 1, "iter": 140, "lr": 0.005, "memory": 2473, "data_time": 0.01268, "loss_rpn_cls": 0.02847, "loss_rpn_bbox": 0.06915, "loss_cls": 0.39445, "acc": 86.63086, "loss_bbox": 0.42655, "loss": 0.91862, "time": 0.40306}
{"mode": "train", "epoch": 1, "iter": 150, "lr": 0.005, "memory": 2473, "data_time": 0.01282, "loss_rpn_cls": 0.03257, "loss_rpn_bbox": 0.06935, "loss_cls": 0.42183, "acc": 87.23633, "loss_bbox": 0.40647, "loss": 0.93022, "time": 0.40585}
{"mode": "train", "epoch": 1, "iter": 160, "lr": 0.005, "memory": 2473, "data_time": 0.01298, "loss_rpn_cls": 0.04995, "loss_rpn_bbox": 0.08155, "loss_cls": 0.42318, "acc": 85.45898, "loss_bbox": 0.4485, "loss": 1.00319, "time": 0.40791}
{"mode": "train", "epoch": 1, "iter": 170, "lr": 0.005, "memory": 2473, "data_time": 0.01308, "loss_rpn_cls": 0.02527, "loss_rpn_bbox": 0.05885, "loss_cls": 0.39821, "acc": 87.06055, "loss_bbox": 0.424, "loss": 0.90632, "time": 0.40717}
{"mode": "train", "epoch": 1, "iter": 180, "lr": 0.005, "memory": 2473, "data_time": 0.01286, "loss_rpn_cls": 0.03323, "loss_rpn_bbox": 0.07487, "loss_cls": 0.37473, "acc": 87.13867, "loss_bbox": 0.45501, "loss": 0.93784, "time": 0.41001}
{"mode": "train", "epoch": 1, "iter": 190, "lr": 0.005, "memory": 2473, "data_time": 0.01297, "loss_rpn_cls": 0.04009, "loss_rpn_bbox": 0.07754, "loss_cls": 0.39415, "acc": 86.98242, "loss_bbox": 0.44047, "loss": 0.95224, "time": 0.41147}
{"mode": "train", "epoch": 1, "iter": 200, "lr": 0.005, "memory": 2473, "data_time": 0.01308, "loss_rpn_cls": 0.03168, "loss_rpn_bbox": 0.05568, "loss_cls": 0.3688, "acc": 87.06055, "loss_bbox": 0.41324, "loss": 0.8694, "time": 0.41103}
{"mode": "train", "epoch": 1, "iter": 210, "lr": 0.005, "memory": 2473, "data_time": 0.01288, "loss_rpn_cls": 0.02998, "loss_rpn_bbox": 0.06006, "loss_cls": 0.38054, "acc": 85.87891, "loss_bbox": 0.37877, "loss": 0.84935, "time": 0.41058}
{"mode": "train", "epoch": 1, "iter": 220, "lr": 0.005, "memory": 2473, "data_time": 0.01318, "loss_rpn_cls": 0.01867, "loss_rpn_bbox": 0.062, "loss_cls": 0.34984, "acc": 86.98242, "loss_bbox": 0.39891, "loss": 0.82942, "time": 0.41207}
{"mode": "train", "epoch": 1, "iter": 230, "lr": 0.005, "memory": 2473, "data_time": 0.01289, "loss_rpn_cls": 0.01931, "loss_rpn_bbox": 0.06252, "loss_cls": 0.34704, "acc": 88.1543, "loss_bbox": 0.41322, "loss": 0.84208, "time": 0.41332}
{"mode": "train", "epoch": 1, "iter": 240, "lr": 0.005, "memory": 2473, "data_time": 0.01309, "loss_rpn_cls": 0.0325, "loss_rpn_bbox": 0.06488, "loss_cls": 0.37459, "acc": 86.81641, "loss_bbox": 0.4514, "loss": 0.92337, "time": 0.41467}
{"mode": "train", "epoch": 1, "iter": 250, "lr": 0.005, "memory": 2473, "data_time": 0.01269, "loss_rpn_cls": 0.02761, "loss_rpn_bbox": 0.06099, "loss_cls": 0.33595, "acc": 88.50586, "loss_bbox": 0.40689, "loss": 0.83144, "time": 0.41074}
{"mode": "train", "epoch": 1, "iter": 260, "lr": 0.005, "memory": 2473, "data_time": 0.01298, "loss_rpn_cls": 0.02149, "loss_rpn_bbox": 0.05439, "loss_cls": 0.35027, "acc": 87.68555, "loss_bbox": 0.3842, "loss": 0.81034, "time": 0.41368}
{"mode": "train", "epoch": 1, "iter": 270, "lr": 0.005, "memory": 2473, "data_time": 0.01355, "loss_rpn_cls": 0.04029, "loss_rpn_bbox": 0.08262, "loss_cls": 0.37578, "acc": 85.79102, "loss_bbox": 0.40599, "loss": 0.90468, "time": 0.4172}
{"mode": "train", "epoch": 1, "iter": 280, "lr": 0.005, "memory": 2473, "data_time": 0.01315, "loss_rpn_cls": 0.0306, "loss_rpn_bbox": 0.0558, "loss_cls": 0.34926, "acc": 88.82812, "loss_bbox": 0.40561, "loss": 0.84127, "time": 0.42219}
{"mode": "train", "epoch": 1, "iter": 290, "lr": 0.005, "memory": 2473, "data_time": 0.01312, "loss_rpn_cls": 0.02417, "loss_rpn_bbox": 0.0735, "loss_cls": 0.34474, "acc": 88.22266, "loss_bbox": 0.40279, "loss": 0.84519, "time": 0.41557}
{"mode": "train", "epoch": 1, "iter": 10, "lr": 0.005, "memory": 4428, "data_time": 0.99375, "loss_rpn_cls": 0.21374, "loss_rpn_bbox": 0.11954, "loss_cls": 1.18963, "acc": 79.05273, "loss_bbox": 0.33291, "loss": 1.85583, "time": 2.11791}
{"mode": "train", "epoch": 1, "iter": 20, "lr": 0.005, "memory": 4428, "data_time": 0.02357, "loss_rpn_cls": 0.09337, "loss_rpn_bbox": 0.10304, "loss_cls": 0.70953, "acc": 83.31055, "loss_bbox": 0.53624, "loss": 1.44218, "time": 0.80446}
{"mode": "train", "epoch": 1, "iter": 30, "lr": 0.005, "memory": 4428, "data_time": 0.02417, "loss_rpn_cls": 0.05763, "loss_rpn_bbox": 0.07553, "loss_cls": 0.64828, "acc": 82.44629, "loss_bbox": 0.60839, "loss": 1.38983, "time": 0.79167}
{"mode": "train", "epoch": 1, "iter": 40, "lr": 0.005, "memory": 4428, "data_time": 0.02373, "loss_rpn_cls": 0.09467, "loss_rpn_bbox": 0.08795, "loss_cls": 0.66798, "acc": 81.1084, "loss_bbox": 0.64271, "loss": 1.49331, "time": 0.79707}
{"mode": "train", "epoch": 1, "iter": 50, "lr": 0.005, "memory": 4428, "data_time": 0.02358, "loss_rpn_cls": 0.06011, "loss_rpn_bbox": 0.08388,